backend,concurrency,repetition,worker,state,completion_ms,wall_ms,throughput_per_s,peak_tree_rss_mib,idle_rss_mib,prepare_ms,errors,expected_errors,correct,reported_version
lsp-standard,1,0,1,valid,17.623483,46.850828,21.344339954888312,4563.98046875,4551.140625,11911.661865,0,0,True,1
lsp-standard,1,0,1,error,38.277122,49.74689,20.10175912504279,4566.81640625,4551.140625,11911.661865,1,1,True,2
lsp-standard,1,0,1,repair,37.828624,51.908263,19.26475559392153,4575.23828125,4551.140625,11911.661865,0,0,True,3
lsp-standard,1,1,1,valid,17.564151,46.985193,21.28330089013362,4579.3046875,4551.140625,11911.661865,0,0,True,4
lsp-standard,1,1,1,error,35.133653,50.58337,19.769343165550257,4583.39453125,4551.140625,11911.661865,1,1,True,5
lsp-standard,1,1,1,repair,36.745238,51.336212,19.479427114723617,4585.5078125,4551.140625,11911.661865,0,0,True,6
lsp-standard,1,2,1,valid,16.526451,49.479475,20.210400373083992,4589.5625,4551.140625,11911.661865,0,0,True,7
lsp-standard,1,2,1,error,38.038241,49.821391,20.071699724321228,4593.609375,4551.140625,11911.661865,1,1,True,8
lsp-standard,1,2,1,repair,42.689447,48.820009,20.483404663034783,4595.71875,4551.140625,11911.661865,0,0,True,9
lsp-standard,1,3,1,valid,35.670817,49.195038,20.32725332989884,4599.82421875,4551.140625,11911.661865,0,0,True,10
lsp-standard,1,3,1,error,71.165293,96.339381,10.379971197863519,4603.9921875,4551.140625,11911.661865,1,1,True,11
lsp-standard,1,3,1,repair,77.6429,101.163725,9.884966177352604,4610.3671875,4551.140625,11911.661865,0,0,True,12
lsp-standard,1,4,1,valid,19.99815,50.209473,19.91656036700485,4614.421875,4551.140625,11911.661865,0,0,True,13
lsp-standard,1,4,1,error,63.603247,97.08025,10.300756333033751,4622.57421875,4551.140625,11911.661865,1,1,True,14
lsp-standard,1,4,1,repair,35.098587,51.571166,19.390680443409018,4626.69921875,4551.140625,11911.661865,0,0,True,15
lsp-custom,1,0,1,valid,16.903123,48.170563,20.759566376668673,4562.78125,4542.30078125,11796.711167000001,0,0,True,1
lsp-custom,1,0,1,error,52.422986,95.821122,10.436112405362984,4570.80859375,4542.30078125,11796.711167000001,1,1,True,2
lsp-custom,1,0,1,repair,36.948221,48.867629,20.463444215801836,4573.1015625,4542.30078125,11796.711167000001,0,0,True,3
lsp-custom,1,1,1,valid,21.441176,47.594794,21.010701296448516,4577.12109375,4542.30078125,11796.711167000001,0,0,True,4
lsp-custom,1,1,1,error,38.313371,49.043883,20.389902651060478,4581.13671875,4542.30078125,11796.711167000001,1,1,True,5
lsp-custom,1,1,1,repair,36.304786,49.637003,20.146260643496145,4587.12890625,4542.30078125,11796.711167000001,0,0,True,6
lsp-custom,1,2,1,valid,16.786784,46.981185,21.28511658443694,4591.13671875,4542.30078125,11796.711167000001,0,0,True,7
lsp-custom,1,2,1,error,38.682878,49.442124,20.22566829855449,4595.140625,4542.30078125,11796.711167000001,1,1,True,8
lsp-custom,1,2,1,repair,35.940868,51.050093,19.588602904210184,4599.140625,4542.30078125,11796.711167000001,0,0,True,9
lsp-custom,1,3,1,valid,15.889819,47.823897,20.910048380206238,4601.140625,4542.30078125,11796.711167000001,0,0,True,10
lsp-custom,1,3,1,error,37.165261,50.170351,19.932090967432142,4605.140625,4542.30078125,11796.711167000001,1,1,True,11
lsp-custom,1,3,1,repair,35.783572,51.039863,19.592529078692866,4607.1328125,4542.30078125,11796.711167000001,0,0,True,12
lsp-custom,1,4,1,valid,16.743451,47.0419,21.25764478050419,4611.1484375,4542.30078125,11796.711167000001,0,0,True,13
lsp-custom,1,4,1,error,37.461391,49.475909,20.211857047436965,4615.13671875,4542.30078125,11796.711167000001,1,1,True,14
lsp-custom,1,4,1,repair,45.365142,50.76881,19.69713294442001,4617.1484375,4542.30078125,11796.711167000001,0,0,True,15
cli-snapshot,1,0,1,valid,7933.213836,7957.328354,0.12567031992557134,3807.16015625,0.0,14455.022508999999,0,0,True,1
cli-snapshot,1,0,1,error,7922.941744,7938.186475,0.12597335715775057,3813.546875,0.0,14455.022508999999,1,1,True,2
cli-snapshot,1,0,1,repair,8442.721521,8468.224962,0.11808850195730074,3893.7578125,0.0,14455.022508999999,0,0,True,3
cli-snapshot,1,1,1,valid,7936.256687,7958.513784,0.12565160118343022,3805.875,0.0,14455.022508999999,0,0,True,4
cli-snapshot,1,1,1,error,8673.141551,8680.746438,0.11519746684714764,3903.109375,0.0,14455.022508999999,1,1,True,5
cli-snapshot,1,1,1,repair,8046.659917,8070.664296,0.12390553780010675,3921.96875,0.0,14455.022508999999,0,0,True,6
cli-snapshot,1,2,1,valid,8476.889673,8499.786149,0.11765001877343115,3852.68359375,0.0,14455.022508999999,0,0,True,7
cli-snapshot,1,2,1,error,7940.733698,7974.237183,0.12540384453723866,3901.76953125,0.0,14455.022508999999,1,1,True,8
cli-snapshot,1,2,1,repair,8559.566193,8612.272776,0.11611336821410498,3870.61328125,0.0,14455.022508999999,0,0,True,9
cli-snapshot,1,3,1,valid,9262.715117,10162.767824,0.09839839080436714,3920.1328125,0.0,14455.022508999999,0,0,True,10
cli-snapshot,1,3,1,error,8643.459969,8664.520236,0.11541319920347405,3878.58203125,0.0,14455.022508999999,1,1,True,11
cli-snapshot,1,3,1,repair,7868.561431,7879.481511,0.12691190386118287,3799.7734375,0.0,14455.022508999999,0,0,True,12
cli-snapshot,1,4,1,valid,7904.33235,8180.883506,0.12223618625868256,3849.921875,0.0,14455.022508999999,0,0,True,13
cli-snapshot,1,4,1,error,8525.648486,9250.206214,0.10810569806395454,3805.56640625,0.0,14455.022508999999,1,1,True,14
cli-snapshot,1,4,1,repair,9917.613424,10184.638775,0.09818708567796014,3909.1015625,0.0,14455.022508999999,0,0,True,15
language-full,1,0,1,valid,0.810361,52.166334,19.169451317012232,3752.234375,3733.9453125,7020.688378,0,0,True,1
language-full,1,0,1,error,4.089175,47.420208,21.08805596128975,3752.24609375,3733.9453125,7020.688378,0,1,False,2
language-full,1,0,1,repair,3.070631,47.24111,21.168003884752075,3752.24609375,3733.9453125,7020.688378,0,0,True,3
language-full,1,1,1,valid,0.681297,45.396344,22.02820561937763,3752.24609375,3733.9453125,7020.688378,0,0,True,4
language-full,1,1,1,error,4.863088,46.165567,21.66116577751552,3749.40234375,3733.9453125,7020.688378,0,1,False,5
language-full,1,1,1,repair,3.825838,46.975267,21.287798108736666,3749.8046875,3733.9453125,7020.688378,0,0,True,6
language-full,1,2,1,valid,0.77807,45.306785,22.07174929759417,3749.8046875,3733.9453125,7020.688378,0,0,True,7
language-full,1,2,1,error,4.615871,45.817189,21.82586976254698,3749.84375,3733.9453125,7020.688378,0,1,False,8
language-full,1,2,1,repair,4.41458,49.186234,20.33089176943289,3749.8828125,3733.9453125,7020.688378,0,0,True,9
language-full,1,3,1,valid,0.67769,46.381886,21.56014095675195,3749.8828125,3733.9453125,7020.688378,0,0,True,10
language-full,1,3,1,error,3.514169,47.227875,21.173935943550287,3749.88671875,3733.9453125,7020.688378,0,1,False,11
language-full,1,3,1,repair,2.761507,46.221132,21.635125682339414,3749.88671875,3733.9453125,7020.688378,0,0,True,12
language-full,1,4,1,valid,0.716203,45.501684,21.97720857979674,3749.88671875,3733.9453125,7020.688378,0,0,True,13
language-full,1,4,1,error,2.727202,46.340258,21.57950868551487,3749.88671875,3733.9453125,7020.688378,0,1,False,14
language-full,1,4,1,repair,2.984548,45.948998,21.76326021298658,3749.92578125,3733.9453125,7020.688378,0,0,True,15
io-incremental,1,0,1,valid,1.013915,48.047083,20.812918028759416,6706.140625,6687.87109375,8437.162724000002,0,0,True,1
io-incremental,1,0,1,error,7.137094,46.756543,21.38738101317713,6706.203125,6687.87109375,8437.162724000002,1,1,True,2
io-incremental,1,0,1,repair,22.423733,46.303087,21.59683219393126,6708.2734375,6687.87109375,8437.162724000002,0,0,True,3
io-incremental,1,1,1,valid,0.867068,45.951674,21.76199282750831,6708.2734375,6687.87109375,8437.162724000002,0,0,True,4
io-incremental,1,1,1,error,10.666551,46.250257,21.621501476197203,6708.3359375,6687.87109375,8437.162724000002,1,1,True,5
io-incremental,1,1,1,repair,21.931303,46.000406,21.738938565020494,6708.34375,6687.87109375,8437.162724000002,0,0,True,6
io-incremental,1,2,1,valid,0.802616,46.259956,21.616968247872954,6708.34375,6687.87109375,8437.162724000002,0,0,True,7
io-incremental,1,2,1,error,6.49488,46.119851,21.682637266109122,6708.34375,6687.87109375,8437.162724000002,1,1,True,8
io-incremental,1,2,1,repair,23.076137,46.372649,21.5644355361282,6708.34765625,6687.87109375,8437.162724000002,0,0,True,9
io-incremental,1,3,1,valid,1.044293,45.918521,21.77770490473768,6708.34765625,6687.87109375,8437.162724000002,0,0,True,10
io-incremental,1,3,1,error,7.026675,45.980538,21.748331870323046,6708.34765625,6687.87109375,8437.162724000002,1,1,True,11
io-incremental,1,3,1,repair,12.791766,49.970907,20.01164397516339,6708.34765625,6687.87109375,8437.162724000002,0,0,True,12
io-incremental,1,4,1,valid,0.666028,47.677965,20.974049542592685,6708.34765625,6687.87109375,8437.162724000002,0,0,True,13
io-incremental,1,4,1,error,7.17177,47.043125,21.257091232778432,6708.34765625,6687.87109375,8437.162724000002,1,1,True,14
io-incremental,1,4,1,repair,21.887962,47.260807,21.159181644951598,6708.34765625,6687.87109375,8437.162724000002,0,0,True,15
language-commands,1,0,1,valid,0.733475,46.185946,21.651608045443087,6705.82421875,6687.5546875,8606.391091000001,0,0,True,1
language-commands,1,0,1,error,9.247391,45.823411,21.82290619962796,6705.88671875,6687.5546875,8606.391091000001,0,1,False,2
language-commands,1,0,1,repair,13.105319,46.730275,21.399403277639603,6705.88671875,6687.5546875,8606.391091000001,0,0,True,3
language-commands,1,1,1,valid,0.427057,46.986649,21.282641373297338,6705.88671875,6687.5546875,8606.391091000001,0,0,True,4
language-commands,1,1,1,error,11.33236,45.621249,21.919610311414317,6705.94921875,6687.5546875,8606.391091000001,0,1,False,5
language-commands,1,1,1,repair,22.826866,45.338705,22.05621003070114,6705.95703125,6687.5546875,8606.391091000001,0,0,True,6
language-commands,1,2,1,valid,0.735089,45.168112,22.139512937800014,6705.95703125,6687.5546875,8606.391091000001,0,0,True,7
language-commands,1,2,1,error,11.085032,44.916479,22.263543854361334,6705.95703125,6687.5546875,8606.391091000001,0,1,False,8
language-commands,1,2,1,repair,22.033707,47.188279,21.1917031345856,6705.95703125,6687.5546875,8606.391091000001,0,0,True,9
language-commands,1,3,1,valid,0.834376,45.547089,21.95529993146214,6705.95703125,6687.5546875,8606.391091000001,0,0,True,10
language-commands,1,3,1,error,10.447749,45.303258,22.073467652149873,6705.95703125,6687.5546875,8606.391091000001,0,1,False,11
language-commands,1,3,1,repair,21.890325,45.93931,21.76784980009495,6705.95703125,6687.5546875,8606.391091000001,0,0,True,12
language-commands,1,4,1,valid,0.792627,45.645264,21.90807791143458,6705.95703125,6687.5546875,8606.391091000001,0,0,True,13
language-commands,1,4,1,error,7.337021,46.218367,21.63641999727078,6705.95703125,6687.5546875,8606.391091000001,0,1,False,14
language-commands,1,4,1,repair,13.260342,45.258755,22.095172525183248,6705.95703125,6687.5546875,8606.391091000001,0,0,True,15
lake-build,1,0,1,valid,6818.406772,6836.032672,0.14628367767988337,3944.69921875,0.0,4173.835919,0,0,True,1
lake-build,1,0,1,error,6776.586675,6800.24356,0.14705355641702927,3955.31640625,0.0,4173.835919,1,1,True,2
lake-build,1,0,1,repair,6825.421729,6845.410432,0.14608327870675733,3928.7890625,0.0,4173.835919,0,0,True,3
lake-build,1,1,1,valid,4229.627972,4252.203903,0.2351721654962227,996.8125,0.0,4173.835919,0,0,True,4
lake-build,1,1,1,error,6887.98254,6913.47961,0.1446449626543413,3934.05859375,0.0,4173.835919,1,1,True,5
lake-build,1,1,1,repair,6617.568702,6643.09602,0.1505322212699253,3932.828125,0.0,4173.835919,0,0,True,6
lake-build,1,2,1,valid,4316.081242,4363.039178,0.22919803357310123,1027.3359375,0.0,4173.835919,0,0,True,7
lake-build,1,2,1,error,6727.718851,6775.239299,0.14759626278404606,3904.4609375,0.0,4173.835919,1,1,True,8
lake-build,1,2,1,repair,6919.933415,6942.068554,0.14404928332547262,3928.0078125,0.0,4173.835919,0,0,True,9
lake-build,1,3,1,valid,4011.852823,4034.599437,0.24785607979551205,987.1328125,0.0,4173.835919,0,0,True,10
lake-build,1,3,1,error,6759.436481,6773.013061,0.14764477655567304,3919.7421875,0.0,4173.835919,1,1,True,11
lake-build,1,3,1,repair,6786.987824,6799.695281,0.14706541376850266,3919.3203125,0.0,4173.835919,0,0,True,12
lake-build,1,4,1,valid,4230.381618,4244.029864,0.23562510916393495,986.1328125,0.0,4173.835919,0,0,True,13
lake-build,1,4,1,error,6883.274001,6923.411762,0.14443745863688529,3958.18359375,0.0,4173.835919,1,1,True,14
lake-build,1,4,1,repair,6745.144217,6761.031692,0.14790642102495266,3906.47265625,0.0,4173.835919,0,0,True,15
lake-build,2,0,1,valid,6985.92849,6987.460154,0.2862270347051771,7658.41796875,0.0,4084.363422,0,0,True,1
lake-build,2,0,2,valid,6880.462045,6987.460154,0.2862270347051771,7658.41796875,0.0,4243.846582,0,0,True,1
lake-build,2,0,1,error,6817.112681,6841.275882,0.2923431293367625,7782.28125,0.0,4084.363422,1,1,True,2
lake-build,2,0,2,error,6792.748611,6841.275882,0.2923431293367625,7782.28125,0.0,4243.846582,1,1,True,2
lake-build,2,0,1,repair,6759.479374,6851.75576,0.29189598550430523,7728.1640625,0.0,4084.363422,0,0,True,3
lake-build,2,0,2,repair,6837.095633,6851.75576,0.29189598550430523,7728.1640625,0.0,4243.846582,0,0,True,3
lake-build,2,1,1,valid,4218.698652,4285.178451,0.4667250204091909,1936.21875,0.0,4084.363422,0,0,True,4
lake-build,2,1,2,valid,4261.244904,4285.178451,0.4667250204091909,1936.21875,0.0,4243.846582,0,0,True,4
lake-build,2,1,1,error,6473.216589,6872.97246,0.2909949096464152,7760.30859375,0.0,4084.363422,1,1,True,5
lake-build,2,1,2,error,6839.264556,6872.97246,0.2909949096464152,7760.30859375,0.0,4243.846582,1,1,True,5
lake-build,2,1,1,repair,6794.366069,6940.680237,0.2881561938753814,7746.16796875,0.0,4084.363422,0,0,True,6
lake-build,2,1,2,repair,6911.83465,6940.680237,0.2881561938753814,7746.16796875,0.0,4243.846582,0,0,True,6
lake-build,2,2,1,valid,4281.795945,4294.64931,0.46569576597163415,1930.23046875,0.0,4084.363422,0,0,True,7
lake-build,2,2,2,valid,4245.703888,4294.64931,0.46569576597163415,1930.23046875,0.0,4243.846582,0,0,True,7
lake-build,2,2,1,error,6592.539637,6840.76794,0.2923648364543119,7756.07421875,0.0,4084.363422,1,1,True,8
lake-build,2,2,2,error,6794.762242,6840.76794,0.2923648364543119,7756.07421875,0.0,4243.846582,1,1,True,8
lake-build,2,2,1,repair,6816.139188,6895.983738,0.2900238857842852,7741.59375,0.0,4084.363422,0,0,True,9
lake-build,2,2,2,repair,6855.390424,6895.983738,0.2900238857842852,7741.59375,0.0,4243.846582,0,0,True,9
lake-build,2,3,1,valid,4137.710091,4167.725779,0.4798780212646039,1896.1171875,0.0,4084.363422,0,0,True,10
lake-build,2,3,2,valid,4003.048016,4167.725779,0.4798780212646039,1896.1171875,0.0,4243.846582,0,0,True,10
lake-build,2,3,1,error,6771.323572,6773.597288,0.2952640842028163,7741.42578125,0.0,4084.363422,1,1,True,11
lake-build,2,3,2,error,6704.277193,6773.597288,0.2952640842028163,7741.42578125,0.0,4243.846582,1,1,True,11
lake-build,2,3,1,repair,6672.160463,6804.479582,0.2939240210655687,7733.84765625,0.0,4084.363422,0,0,True,12
lake-build,2,3,2,repair,6796.621114,6804.479582,0.2939240210655687,7733.84765625,0.0,4243.846582,0,0,True,12
lake-build,2,4,1,valid,4135.158764,4237.023786,0.47202944826706245,1980.00390625,0.0,4084.363422,0,0,True,13
lake-build,2,4,2,valid,4192.936643,4237.023786,0.47202944826706245,1980.00390625,0.0,4243.846582,0,0,True,13
lake-build,2,4,1,error,6781.675,6897.290672,0.2899689305714097,7740.9921875,0.0,4084.363422,1,1,True,14
lake-build,2,4,2,error,6859.094859,6897.290672,0.2899689305714097,7740.9921875,0.0,4243.846582,1,1,True,14
lake-build,2,4,1,repair,6626.478799,6880.712389,0.2906675772696652,7757.30078125,0.0,4084.363422,0,0,True,15
lake-build,2,4,2,repair,6853.033235,6880.712389,0.2906675772696652,7757.30078125,0.0,4243.846582,0,0,True,15
cli-snapshot,2,0,1,valid,8474.159344,8477.738546,0.23591196981931553,7495.69921875,0.0,14239.123445000001,0,0,True,1
cli-snapshot,2,0,2,valid,8085.502776,8477.738546,0.23591196981931553,7495.69921875,0.0,14375.128954,0,0,True,1
cli-snapshot,2,0,1,error,7948.005293,8540.227577,0.23418579680315235,7554.09765625,0.0,14239.123445000001,1,1,True,2
cli-snapshot,2,0,2,error,8534.580017,8540.227577,0.23418579680315235,7554.09765625,0.0,14375.128954,1,1,True,2
cli-snapshot,2,0,1,repair,8125.425844,8577.645002,0.2331642309204533,7493.5546875,0.0,14239.123445000001,0,0,True,3
cli-snapshot,2,0,2,repair,8548.800566,8577.645002,0.2331642309204533,7493.5546875,0.0,14375.128954,0,0,True,3
cli-snapshot,2,1,1,valid,8147.22459,8457.240433,0.23648375801118718,7547.18359375,0.0,14239.123445000001,0,0,True,4
cli-snapshot,2,1,2,valid,8414.404664,8457.240433,0.23648375801118718,7547.18359375,0.0,14375.128954,0,0,True,4
cli-snapshot,2,1,1,error,8585.462733,8609.921515,0.23229015462169403,7620.94140625,0.0,14239.123445000001,1,1,True,5
cli-snapshot,2,1,2,error,8464.270054,8609.921515,0.23229015462169403,7620.94140625,0.0,14375.128954,1,1,True,5
cli-snapshot,2,1,1,repair,8555.013918,8579.493006,0.2331140078558623,7532.88671875,0.0,14239.123445000001,0,0,True,6
cli-snapshot,2,1,2,repair,8051.133986,8579.493006,0.2331140078558623,7532.88671875,0.0,14375.128954,0,0,True,6
cli-snapshot,2,2,1,valid,8072.790201,8092.841625,0.2471319831370109,7541.02734375,0.0,14239.123445000001,0,0,True,7
cli-snapshot,2,2,2,valid,8043.594221,8092.841625,0.2471319831370109,7541.02734375,0.0,14375.128954,0,0,True,7
cli-snapshot,2,2,1,error,8076.400572,8095.674697,0.247045499585246,7557.1015625,0.0,14239.123445000001,1,1,True,8
cli-snapshot,2,2,2,error,7995.70293,8095.674697,0.247045499585246,7557.1015625,0.0,14375.128954,1,1,True,8
cli-snapshot,2,2,1,repair,8217.004345,8263.333745,0.24203306579625508,7561.62109375,0.0,14239.123445000001,0,0,True,9
cli-snapshot,2,2,2,repair,8102.693777,8263.333745,0.24203306579625508,7561.62109375,0.0,14375.128954,0,0,True,9
cli-snapshot,2,3,1,valid,8593.285134,8615.785895,0.23213204510579355,7515.5390625,0.0,14239.123445000001,0,0,True,10
cli-snapshot,2,3,2,valid,8013.218751,8615.785895,0.23213204510579355,7515.5390625,0.0,14375.128954,0,0,True,10
cli-snapshot,2,3,1,error,8691.600082,8698.718992,0.22991891126030756,7546.921875,0.0,14239.123445000001,1,1,True,11
cli-snapshot,2,3,2,error,8177.884504,8698.718992,0.22991891126030756,7546.921875,0.0,14375.128954,1,1,True,11
cli-snapshot,2,3,1,repair,8253.146468,8491.576876,0.23552751499579078,7478.59765625,0.0,14239.123445000001,0,0,True,12
cli-snapshot,2,3,2,repair,8487.509763,8491.576876,0.23552751499579078,7478.59765625,0.0,14375.128954,0,0,True,12
cli-snapshot,2,4,1,valid,8692.880131,8724.94418,0.2292278275641644,7550.9921875,0.0,14239.123445000001,0,0,True,13
cli-snapshot,2,4,2,valid,8713.881359,8724.94418,0.2292278275641644,7550.9921875,0.0,14375.128954,0,0,True,13
cli-snapshot,2,4,1,error,10068.273168,10261.325894,0.19490658621118734,7582.2890625,0.0,14239.123445000001,1,1,True,14
cli-snapshot,2,4,2,error,9996.915761,10261.325894,0.19490658621118734,7582.2890625,0.0,14375.128954,1,1,True,14
cli-snapshot,2,4,1,repair,8884.516374,9279.941695,0.21551859545384786,7500.78515625,0.0,14239.123445000001,0,0,True,15
cli-snapshot,2,4,2,repair,8371.66725,9279.941695,0.21551859545384786,7500.78515625,0.0,14375.128954,0,0,True,15
lsp-standard,2,0,1,valid,17.903836,51.588447,38.768369980201186,9811.421875,9788.25,11816.569629000001,0,0,True,1
lsp-standard,2,0,2,valid,21.554083,51.588447,38.768369980201186,9811.421875,9788.25,11825.715274,0,0,True,1
lsp-standard,2,0,1,error,38.834351,51.169686,39.08564144794635,9816.1640625,9788.25,11816.569629000001,1,1,True,2
lsp-standard,2,0,2,error,41.011153,51.169686,39.08564144794635,9816.1640625,9788.25,11825.715274,1,1,True,2
lsp-standard,2,0,1,repair,39.161459,51.741466,38.65371731059959,9805.9921875,9788.25,11816.569629000001,0,0,True,3
lsp-standard,2,0,2,repair,39.664149,51.741466,38.65371731059959,9805.9921875,9788.25,11825.715274,0,0,True,3
lsp-standard,2,1,1,valid,17.282532,49.616171,40.30943863040137,9810.01171875,9788.25,11816.569629000001,0,0,True,4
lsp-standard,2,1,2,valid,19.612184,49.616171,40.30943863040137,9810.01171875,9788.25,11825.715274,0,0,True,4
lsp-standard,2,1,1,error,43.725902,54.085414,36.97854656340432,9814.046875,9788.25,11816.569629000001,1,1,True,5
lsp-standard,2,1,2,error,42.349392,54.085414,36.97854656340432,9814.046875,9788.25,11825.715274,1,1,True,5
lsp-standard,2,1,1,repair,39.466785,105.75797,18.911104288404932,9827.03125,9788.25,11816.569629000001,0,0,True,6
lsp-standard,2,1,2,repair,53.399409,105.75797,18.911104288404932,9827.03125,9788.25,11825.715274,0,0,True,6
lsp-standard,2,2,1,valid,25.540765,51.999974,38.46155769231731,9830.18359375,9788.25,11816.569629000001,0,0,True,7
lsp-standard,2,2,2,valid,20.327906,51.999974,38.46155769231731,9830.18359375,9788.25,11825.715274,0,0,True,7
lsp-standard,2,2,1,error,39.592392,103.563284,19.31186345925454,9836.26953125,9788.25,11816.569629000001,1,1,True,8
lsp-standard,2,2,2,error,63.068857,103.563284,19.31186345925454,9836.26953125,9788.25,11825.715274,1,1,True,8
lsp-standard,2,2,1,repair,38.779607,100.023125,19.995376069283978,9839.6015625,9788.25,11816.569629000001,0,0,True,9
lsp-standard,2,2,2,repair,59.297582,100.023125,19.995376069283978,9839.6015625,9788.25,11825.715274,0,0,True,9
lsp-standard,2,3,1,valid,17.442805,49.327115,40.54565121029276,9841.796875,9788.25,11816.569629000001,0,0,True,10
lsp-standard,2,3,2,valid,23.410229,49.327115,40.54565121029276,9841.796875,9788.25,11825.715274,0,0,True,10
lsp-standard,2,3,1,error,50.42052,51.332243,38.96186652120384,9845.92578125,9788.25,11816.569629000001,1,1,True,11
lsp-standard,2,3,2,error,45.544539,51.332243,38.96186652120384,9845.92578125,9788.25,11825.715274,1,1,True,11
lsp-standard,2,3,1,repair,50.456659,52.329026,38.21970621046912,9850.18359375,9788.25,11816.569629000001,0,0,True,12
lsp-standard,2,3,2,repair,51.26729,52.329026,38.21970621046912,9850.18359375,9788.25,11825.715274,0,0,True,12
lsp-standard,2,4,1,valid,16.225745,49.044661,40.779158408292396,9852.77734375,9788.25,11816.569629000001,0,0,True,13
lsp-standard,2,4,2,valid,20.229009,49.044661,40.779158408292396,9852.77734375,9788.25,11825.715274,0,0,True,13
lsp-standard,2,4,1,error,43.957861,57.429322,34.82541549071396,9859.02734375,9788.25,11816.569629000001,1,1,True,14
lsp-standard,2,4,2,error,44.71462,57.429322,34.82541549071396,9859.02734375,9788.25,11825.715274,1,1,True,14
lsp-standard,2,4,1,repair,39.668716,100.184601,19.96314782947531,9863.703125,9788.25,11816.569629000001,0,0,True,15
lsp-standard,2,4,2,repair,65.196126,100.184601,19.96314782947531,9863.703125,9788.25,11825.715274,0,0,True,15
lsp-custom,2,0,1,valid,17.68369,48.921027,40.88221614807882,9793.9453125,9776.33984375,11704.192335,0,0,True,1
lsp-custom,2,0,2,valid,25.568887,48.921027,40.88221614807882,9793.9453125,9776.33984375,11653.599304,0,0,True,1
lsp-custom,2,0,1,error,38.457528,99.404437,20.11982624075422,9805.328125,9776.33984375,11704.192335,1,1,True,2
lsp-custom,2,0,2,error,52.282018,99.404437,20.11982624075422,9805.328125,9776.33984375,11653.599304,1,1,True,2
lsp-custom,2,0,1,repair,37.115784,58.404445,34.24396893078943,9807.9609375,9776.33984375,11704.192335,0,0,True,3
lsp-custom,2,0,2,repair,48.696253,58.404445,34.24396893078943,9807.9609375,9776.33984375,11653.599304,0,0,True,3
lsp-custom,2,1,1,valid,17.368635,49.841336,40.12733527046707,9806.20703125,9776.33984375,11704.192335,0,0,True,4
lsp-custom,2,1,2,valid,20.830706,49.841336,40.12733527046707,9806.20703125,9776.33984375,11653.599304,0,0,True,4
lsp-custom,2,1,1,error,40.143764,51.652007,38.72066384564689,9810.421875,9776.33984375,11704.192335,1,1,True,5
lsp-custom,2,1,2,error,42.216411,51.652007,38.72066384564689,9810.421875,9776.33984375,11653.599304,1,1,True,5
lsp-custom,2,1,1,repair,54.159806,100.446025,19.91119110985228,9820.8046875,9776.33984375,11704.192335,0,0,True,6
lsp-custom,2,1,2,repair,44.52403,100.446025,19.91119110985228,9820.8046875,9776.33984375,11653.599304,0,0,True,6
lsp-custom,2,2,1,valid,20.222446,50.727991,39.42596504560963,9824.98046875,9776.33984375,11704.192335,0,0,True,7
lsp-custom,2,2,2,valid,20.455618,50.727991,39.42596504560963,9824.98046875,9776.33984375,11653.599304,0,0,True,7
lsp-custom,2,2,1,error,42.672542,103.114517,19.39591105295096,9831.0625,9776.33984375,11704.192335,1,1,True,8
lsp-custom,2,2,2,error,59.119275,103.114517,19.39591105295096,9831.0625,9776.33984375,11653.599304,1,1,True,8
lsp-custom,2,2,1,repair,45.653985,51.792272,38.615799669881255,9834.15625,9776.33984375,11704.192335,0,0,True,9
lsp-custom,2,2,2,repair,51.19842,51.792272,38.615799669881255,9834.15625,9776.33984375,11653.599304,0,0,True,9
lsp-custom,2,3,1,valid,17.335903,50.829754,39.34703284222072,9836.1875,9776.33984375,11704.192335,0,0,True,10
lsp-custom,2,3,2,valid,19.136896,50.829754,39.34703284222072,9836.1875,9776.33984375,11653.599304,0,0,True,10
lsp-custom,2,3,1,error,38.163714,100.703431,19.86029651760326,9844.26171875,9776.33984375,11704.192335,1,1,True,11
lsp-custom,2,3,2,error,53.946823,100.703431,19.86029651760326,9844.26171875,9776.33984375,11653.599304,1,1,True,11
lsp-custom,2,3,1,repair,43.393525,50.865882,39.31908621971797,9841.78125,9776.33984375,11704.192335,0,0,True,12
lsp-custom,2,3,2,repair,48.254088,50.865882,39.31908621971797,9841.78125,9776.33984375,11653.599304,0,0,True,12
lsp-custom,2,4,1,valid,16.444429,49.770393,40.18453300137694,9843.8515625,9776.33984375,11704.192335,0,0,True,13
lsp-custom,2,4,2,valid,20.7533,49.770393,40.18453300137694,9843.8515625,9776.33984375,11653.599304,0,0,True,13
lsp-custom,2,4,1,error,38.344906,108.37206,18.454941245926303,9850.05078125,9776.33984375,11704.192335,1,1,True,14
lsp-custom,2,4,2,error,69.307514,108.37206,18.454941245926303,9850.05078125,9776.33984375,11653.599304,1,1,True,14
lsp-custom,2,4,1,repair,40.121422,51.560866,38.78910800295713,9853.84375,9776.33984375,11704.192335,0,0,True,15
lsp-custom,2,4,2,repair,45.570598,51.560866,38.78910800295713,9853.84375,9776.33984375,11653.599304,0,0,True,15
lake-build,4,0,1,valid,6443.290134,6608.120333,0.6053158535907067,15133.84765625,0.0,4327.227446,0,0,True,1
lake-build,4,0,2,valid,6522.416229,6608.120333,0.6053158535907067,15133.84765625,0.0,4250.818625,0,0,True,1
lake-build,4,0,3,valid,6542.115018,6608.120333,0.6053158535907067,15133.84765625,0.0,4251.522718,0,0,True,1
lake-build,4,0,4,valid,6585.056759,6608.120333,0.6053158535907067,15133.84765625,0.0,4279.293217,0,0,True,1
lake-build,4,0,1,error,6649.122845,6663.701018,0.600267027166314,15164.7890625,0.0,4327.227446,1,1,True,2
lake-build,4,0,2,error,6268.015837,6663.701018,0.600267027166314,15164.7890625,0.0,4250.818625,1,1,True,2
lake-build,4,0,3,error,6452.009933,6663.701018,0.600267027166314,15164.7890625,0.0,4251.522718,1,1,True,2
lake-build,4,0,4,error,6650.165745,6663.701018,0.600267027166314,15164.7890625,0.0,4279.293217,1,1,True,2
lake-build,4,0,1,repair,6445.614875,6476.222903,0.617643966230234,15477.16015625,0.0,4327.227446,0,0,True,3
lake-build,4,0,2,repair,6459.906656,6476.222903,0.617643966230234,15477.16015625,0.0,4250.818625,0,0,True,3
lake-build,4,0,3,repair,6464.504853,6476.222903,0.617643966230234,15477.16015625,0.0,4251.522718,0,0,True,3
lake-build,4,0,4,repair,6412.298058,6476.222903,0.617643966230234,15477.16015625,0.0,4279.293217,0,0,True,3
lake-build,4,1,1,valid,3937.199859,4078.973456,0.9806388894529742,3822.55078125,0.0,4327.227446,0,0,True,4
lake-build,4,1,2,valid,3937.074742,4078.973456,0.9806388894529742,3822.55078125,0.0,4250.818625,0,0,True,4
lake-build,4,1,3,valid,4028.217822,4078.973456,0.9806388894529742,3822.55078125,0.0,4251.522718,0,0,True,4
lake-build,4,1,4,valid,3674.972183,4078.973456,0.9806388894529742,3822.55078125,0.0,4279.293217,0,0,True,4
lake-build,4,1,1,error,6635.822526,6714.093857,0.5957617044375494,15216.2421875,0.0,4327.227446,1,1,True,5
lake-build,4,1,2,error,6602.52682,6714.093857,0.5957617044375494,15216.2421875,0.0,4250.818625,1,1,True,5
lake-build,4,1,3,error,6350.391672,6714.093857,0.5957617044375494,15216.2421875,0.0,4251.522718,1,1,True,5
lake-build,4,1,4,error,6676.009642,6714.093857,0.5957617044375494,15216.2421875,0.0,4279.293217,1,1,True,5
lake-build,4,1,1,repair,6663.871183,6714.12564,0.5957588842498932,15458.93359375,0.0,4327.227446,0,0,True,6
lake-build,4,1,2,repair,6707.437004,6714.12564,0.5957588842498932,15458.93359375,0.0,4250.818625,0,0,True,6
lake-build,4,1,3,repair,6601.117671,6714.12564,0.5957588842498932,15458.93359375,0.0,4251.522718,0,0,True,6
lake-build,4,1,4,repair,6295.398155,6714.12564,0.5957588842498932,15458.93359375,0.0,4279.293217,0,0,True,6
lake-build,4,2,1,valid,3798.197083,3827.249532,1.0451369754063897,3881.984375,0.0,4327.227446,0,0,True,7
lake-build,4,2,2,valid,3637.705119,3827.249532,1.0451369754063897,3881.984375,0.0,4250.818625,0,0,True,7
lake-build,4,2,3,valid,3672.588927,3827.249532,1.0451369754063897,3881.984375,0.0,4251.522718,0,0,True,7
lake-build,4,2,4,valid,3688.576202,3827.249532,1.0451369754063897,3881.984375,0.0,4279.293217,0,0,True,7
lake-build,4,2,1,error,6438.677093,6449.586274,0.6201948202670092,15521.10546875,0.0,4327.227446,1,1,True,8
lake-build,4,2,2,error,6334.280092,6449.586274,0.6201948202670092,15521.10546875,0.0,4250.818625,1,1,True,8
lake-build,4,2,3,error,6375.825876,6449.586274,0.6201948202670092,15521.10546875,0.0,4251.522718,1,1,True,8
lake-build,4,2,4,error,6339.466912,6449.586274,0.6201948202670092,15521.10546875,0.0,4279.293217,1,1,True,8
lake-build,4,2,1,repair,6245.419438,6586.783209,0.6072767044366223,15299.9765625,0.0,4327.227446,0,0,True,9
lake-build,4,2,2,repair,6556.448856,6586.783209,0.6072767044366223,15299.9765625,0.0,4250.818625,0,0,True,9
lake-build,4,2,3,repair,6284.932571,6586.783209,0.6072767044366223,15299.9765625,0.0,4251.522718,0,0,True,9
lake-build,4,2,4,repair,6443.995945,6586.783209,0.6072767044366223,15299.9765625,0.0,4279.293217,0,0,True,9
lake-build,4,3,1,valid,3920.543089,3958.252305,1.0105470020057248,3815.68359375,0.0,4327.227446,0,0,True,10
lake-build,4,3,2,valid,3904.75457,3958.252305,1.0105470020057248,3815.68359375,0.0,4250.818625,0,0,True,10
lake-build,4,3,3,valid,3895.761078,3958.252305,1.0105470020057248,3815.68359375,0.0,4251.522718,0,0,True,10
lake-build,4,3,4,valid,3885.624026,3958.252305,1.0105470020057248,3815.68359375,0.0,4279.293217,0,0,True,10
lake-build,4,3,1,error,6541.644091,6566.656288,0.60913801858484,15373.37890625,0.0,4327.227446,1,1,True,11
lake-build,4,3,2,error,6399.465278,6566.656288,0.60913801858484,15373.37890625,0.0,4250.818625,1,1,True,11
lake-build,4,3,3,error,6290.812666,6566.656288,0.60913801858484,15373.37890625,0.0,4251.522718,1,1,True,11
lake-build,4,3,4,error,6382.582971,6566.656288,0.60913801858484,15373.37890625,0.0,4279.293217,1,1,True,11
lake-build,4,3,1,repair,6478.172315,6526.966573,0.6128421151330447,15277.40625,0.0,4327.227446,0,0,True,12
lake-build,4,3,2,repair,6387.987575,6526.966573,0.6128421151330447,15277.40625,0.0,4250.818625,0,0,True,12
lake-build,4,3,3,repair,6269.188144,6526.966573,0.6128421151330447,15277.40625,0.0,4251.522718,0,0,True,12
lake-build,4,3,4,repair,6478.258477,6526.966573,0.6128421151330447,15277.40625,0.0,4279.293217,0,0,True,12
lake-build,4,4,1,valid,3610.491284,3858.454339,1.0366845499684427,3774.90625,0.0,4327.227446,0,0,True,13
lake-build,4,4,2,valid,3633.702317,3858.454339,1.0366845499684427,3774.90625,0.0,4250.818625,0,0,True,13
lake-build,4,4,3,valid,3636.77395,3858.454339,1.0366845499684427,3774.90625,0.0,4251.522718,0,0,True,13
lake-build,4,4,4,valid,3822.146632,3858.454339,1.0366845499684427,3774.90625,0.0,4279.293217,0,0,True,13
lake-build,4,4,1,error,6327.098211,6597.452271,0.6062946476449015,15434.1484375,0.0,4327.227446,1,1,True,14
lake-build,4,4,2,error,6362.143072,6597.452271,0.6062946476449015,15434.1484375,0.0,4250.818625,1,1,True,14
lake-build,4,4,3,error,6537.792503,6597.452271,0.6062946476449015,15434.1484375,0.0,4251.522718,1,1,True,14
lake-build,4,4,4,error,6551.911809,6597.452271,0.6062946476449015,15434.1484375,0.0,4279.293217,1,1,True,14
lake-build,4,4,1,repair,6534.137691,6748.231937,0.5927478541554462,15319.09375,0.0,4327.227446,0,0,True,15
lake-build,4,4,2,repair,6648.960129,6748.231937,0.5927478541554462,15319.09375,0.0,4250.818625,0,0,True,15
lake-build,4,4,3,repair,6701.844115,6748.231937,0.5927478541554462,15319.09375,0.0,4251.522718,0,0,True,15
lake-build,4,4,4,repair,6430.191953,6748.231937,0.5927478541554462,15319.09375,0.0,4279.293217,0,0,True,15
cli-snapshot,4,0,1,valid,8786.523341,8980.014913,0.4454335587137348,15017.8828125,0.0,14350.517813999999,0,0,True,1
cli-snapshot,4,0,2,valid,8962.248175,8980.014913,0.4454335587137348,15017.8828125,0.0,14296.524739,0,0,True,1
cli-snapshot,4,0,3,valid,8787.178499,8980.014913,0.4454335587137348,15017.8828125,0.0,14331.650478,0,0,True,1
cli-snapshot,4,0,4,valid,8912.229242,8980.014913,0.4454335587137348,15017.8828125,0.0,14390.781288999999,0,0,True,1
cli-snapshot,4,0,1,error,8545.435589,9197.480565,0.43490170723725796,14769.265625,0.0,14350.517813999999,1,1,True,2
cli-snapshot,4,0,2,error,9020.896417,9197.480565,0.43490170723725796,14769.265625,0.0,14296.524739,1,1,True,2
cli-snapshot,4,0,3,error,9000.145692,9197.480565,0.43490170723725796,14769.265625,0.0,14331.650478,1,1,True,2
cli-snapshot,4,0,4,error,9171.242563,9197.480565,0.43490170723725796,14769.265625,0.0,14390.781288999999,1,1,True,2
cli-snapshot,4,0,1,repair,9071.725927,9252.178183,0.4323306275434276,15039.28125,0.0,14350.517813999999,0,0,True,3
cli-snapshot,4,0,2,repair,9151.840291,9252.178183,0.4323306275434276,15039.28125,0.0,14296.524739,0,0,True,3
cli-snapshot,4,0,3,repair,9241.823621,9252.178183,0.4323306275434276,15039.28125,0.0,14331.650478,0,0,True,3
cli-snapshot,4,0,4,repair,8897.902615,9252.178183,0.4323306275434276,15039.28125,0.0,14390.781288999999,0,0,True,3
cli-snapshot,4,1,1,valid,8723.872758,8909.090508,0.4489796120499801,14888.10546875,0.0,14350.517813999999,0,0,True,4
cli-snapshot,4,1,2,valid,8793.020202,8909.090508,0.4489796120499801,14888.10546875,0.0,14296.524739,0,0,True,4
cli-snapshot,4,1,3,valid,8885.577885,8909.090508,0.4489796120499801,14888.10546875,0.0,14331.650478,0,0,True,4
cli-snapshot,4,1,4,valid,8681.845946,8909.090508,0.4489796120499801,14888.10546875,0.0,14390.781288999999,0,0,True,4
cli-snapshot,4,1,1,error,8502.307852,8967.419699,0.44605919364363633,14868.859375,0.0,14350.517813999999,1,1,True,5
cli-snapshot,4,1,2,error,8657.104686,8967.419699,0.44605919364363633,14868.859375,0.0,14296.524739,1,1,True,5
cli-snapshot,4,1,3,error,8865.73967,8967.419699,0.44605919364363633,14868.859375,0.0,14331.650478,1,1,True,5
cli-snapshot,4,1,4,error,8928.112474,8967.419699,0.44605919364363633,14868.859375,0.0,14390.781288999999,1,1,True,5
cli-snapshot,4,1,1,repair,9305.119846,9352.634557,0.4276869769284625,14974.80078125,0.0,14350.517813999999,0,0,True,6
cli-snapshot,4,1,2,repair,8844.00999,9352.634557,0.4276869769284625,14974.80078125,0.0,14296.524739,0,0,True,6
cli-snapshot,4,1,3,repair,8871.116833,9352.634557,0.4276869769284625,14974.80078125,0.0,14331.650478,0,0,True,6
cli-snapshot,4,1,4,repair,9217.215724,9352.634557,0.4276869769284625,14974.80078125,0.0,14390.781288999999,0,0,True,6
cli-snapshot,4,2,1,valid,8528.827566,9130.595003,0.4380875505578483,14677.31640625,0.0,14350.517813999999,0,0,True,7
cli-snapshot,4,2,2,valid,8786.691189,9130.595003,0.4380875505578483,14677.31640625,0.0,14296.524739,0,0,True,7
cli-snapshot,4,2,3,valid,9022.280839,9130.595003,0.4380875505578483,14677.31640625,0.0,14331.650478,0,0,True,7
cli-snapshot,4,2,4,valid,9106.979846,9130.595003,0.4380875505578483,14677.31640625,0.0,14390.781288999999,0,0,True,7
cli-snapshot,4,2,1,error,10103.174759,10285.749105,0.38888757242343797,15090.37890625,0.0,14350.517813999999,1,1,True,8
cli-snapshot,4,2,2,error,10166.649074,10285.749105,0.38888757242343797,15090.37890625,0.0,14296.524739,1,1,True,8
cli-snapshot,4,2,3,error,9789.455444,10285.749105,0.38888757242343797,15090.37890625,0.0,14331.650478,1,1,True,8
cli-snapshot,4,2,4,error,9911.688976,10285.749105,0.38888757242343797,15090.37890625,0.0,14390.781288999999,1,1,True,8
cli-snapshot,4,2,1,repair,8936.740105,9303.24001,0.42995773469247517,14975.8125,0.0,14350.517813999999,0,0,True,9
cli-snapshot,4,2,2,repair,9208.511084,9303.24001,0.42995773469247517,14975.8125,0.0,14296.524739,0,0,True,9
cli-snapshot,4,2,3,repair,9277.808421,9303.24001,0.42995773469247517,14975.8125,0.0,14331.650478,0,0,True,9
cli-snapshot,4,2,4,repair,8759.904641,9303.24001,0.42995773469247517,14975.8125,0.0,14390.781288999999,0,0,True,9
cli-snapshot,4,3,1,valid,19453.893726,19686.825355,0.20318156573599572,15039.44140625,0.0,14350.517813999999,0,0,True,10
cli-snapshot,4,3,2,valid,19566.831956,19686.825355,0.20318156573599572,15039.44140625,0.0,14296.524739,0,0,True,10
cli-snapshot,4,3,3,valid,19414.438932,19686.825355,0.20318156573599572,15039.44140625,0.0,14331.650478,0,0,True,10
cli-snapshot,4,3,4,valid,9230.683782,19686.825355,0.20318156573599572,15039.44140625,0.0,14390.781288999999,0,0,True,10
cli-snapshot,4,3,1,error,10245.728607,10741.979439,0.37237084866105186,14899.99609375,0.0,14350.517813999999,1,1,True,11
cli-snapshot,4,3,2,error,10343.38234,10741.979439,0.37237084866105186,14899.99609375,0.0,14296.524739,1,1,True,11
cli-snapshot,4,3,3,error,8957.210808,10741.979439,0.37237084866105186,14899.99609375,0.0,14331.650478,1,1,True,11
cli-snapshot,4,3,4,error,10735.509665,10741.979439,0.37237084866105186,14899.99609375,0.0,14390.781288999999,1,1,True,11
cli-snapshot,4,3,1,repair,32093.582825,32661.996068,0.1224664895455954,15112.9296875,0.0,14350.517813999999,0,0,True,12
cli-snapshot,4,3,2,repair,32223.504453,32661.996068,0.1224664895455954,15112.9296875,0.0,14296.524739,0,0,True,12
cli-snapshot,4,3,3,repair,32036.106192,32661.996068,0.1224664895455954,15112.9296875,0.0,14331.650478,0,0,True,12
cli-snapshot,4,3,4,repair,32004.043374,32661.996068,0.1224664895455954,15112.9296875,0.0,14390.781288999999,0,0,True,12
cli-snapshot,4,4,1,valid,21472.454396,22070.044914,0.1812411354660463,15080.26953125,0.0,14350.517813999999,0,0,True,13
cli-snapshot,4,4,2,valid,12010.278376,22070.044914,0.1812411354660463,15080.26953125,0.0,14296.524739,0,0,True,13
cli-snapshot,4,4,3,valid,21304.815247,22070.044914,0.1812411354660463,15080.26953125,0.0,14331.650478,0,0,True,13
cli-snapshot,4,4,4,valid,20604.574506,22070.044914,0.1812411354660463,15080.26953125,0.0,14390.781288999999,0,0,True,13
cli-snapshot,4,4,1,error,9000.255215,10593.018145,0.37760720743106024,15004.609375,0.0,14350.517813999999,1,1,True,14
cli-snapshot,4,4,2,error,8957.578564,10593.018145,0.37760720743106024,15004.609375,0.0,14296.524739,1,1,True,14
cli-snapshot,4,4,3,error,8990.538477,10593.018145,0.37760720743106024,15004.609375,0.0,14331.650478,1,1,True,14
cli-snapshot,4,4,4,error,9234.854587,10593.018145,0.37760720743106024,15004.609375,0.0,14390.781288999999,1,1,True,14
cli-snapshot,4,4,1,repair,36676.258431,37313.753203,0.10719907960581147,15126.09375,0.0,14350.517813999999,0,0,True,15
cli-snapshot,4,4,2,repair,36732.332935,37313.753203,0.10719907960581147,15126.09375,0.0,14296.524739,0,0,True,15
cli-snapshot,4,4,3,repair,36326.510393,37313.753203,0.10719907960581147,15126.09375,0.0,14331.650478,0,0,True,15
cli-snapshot,4,4,4,repair,36849.095802,37313.753203,0.10719907960581147,15126.09375,0.0,14390.781288999999,0,0,True,15
lsp-standard,4,0,1,valid,22.743611,51.114944,78.25500112061161,20249.6953125,20233.9453125,11773.942576,0,0,True,1
lsp-standard,4,0,2,valid,22.159968,51.114944,78.25500112061161,20249.6953125,20233.9453125,11721.29347,0,0,True,1
lsp-standard,4,0,3,valid,22.064488,51.114944,78.25500112061161,20249.6953125,20233.9453125,11703.1829,0,0,True,1
lsp-standard,4,0,4,valid,25.873424,51.114944,78.25500112061161,20249.6953125,20233.9453125,11563.952468,0,0,True,1
lsp-standard,4,0,1,error,50.291388,106.141219,37.685642182044276,20268.9453125,20233.9453125,11773.942576,1,1,True,2
lsp-standard,4,0,2,error,43.674597,106.141219,37.685642182044276,20268.9453125,20233.9453125,11721.29347,1,1,True,2
lsp-standard,4,0,3,error,70.78601,106.141219,37.685642182044276,20268.9453125,20233.9453125,11703.1829,1,1,True,2
lsp-standard,4,0,4,error,69.99218,106.141219,37.685642182044276,20268.9453125,20233.9453125,11563.952468,1,1,True,2
lsp-standard,4,0,1,repair,65.783919,103.264473,38.735490375281344,20281.2109375,20233.9453125,11773.942576,0,0,True,3
lsp-standard,4,0,2,repair,70.848397,103.264473,38.735490375281344,20281.2109375,20233.9453125,11721.29347,0,0,True,3
lsp-standard,4,0,3,repair,46.855236,103.264473,38.735490375281344,20281.2109375,20233.9453125,11703.1829,0,0,True,3
lsp-standard,4,0,4,repair,55.826556,103.264473,38.735490375281344,20281.2109375,20233.9453125,11563.952468,0,0,True,3
lsp-standard,4,1,1,valid,19.854872,50.230924,79.63222018372586,20276.66015625,20233.9453125,11773.942576,0,0,True,4
lsp-standard,4,1,2,valid,27.15727,50.230924,79.63222018372586,20276.66015625,20233.9453125,11721.29347,0,0,True,4
lsp-standard,4,1,3,valid,21.183894,50.230924,79.63222018372586,20276.66015625,20233.9453125,11703.1829,0,0,True,4
lsp-standard,4,1,4,valid,24.379642,50.230924,79.63222018372586,20276.66015625,20233.9453125,11563.952468,0,0,True,4
lsp-standard,4,1,1,error,44.889192,53.691282,74.4999905198762,20280.83984375,20233.9453125,11773.942576,1,1,True,5
lsp-standard,4,1,2,error,42.256007,53.691282,74.4999905198762,20280.83984375,20233.9453125,11721.29347,1,1,True,5
lsp-standard,4,1,3,error,49.938732,53.691282,74.4999905198762,20280.83984375,20233.9453125,11703.1829,1,1,True,5
lsp-standard,4,1,4,error,51.076752,53.691282,74.4999905198762,20280.83984375,20233.9453125,11563.952468,1,1,True,5
lsp-standard,4,1,1,repair,35.829594,104.30557,38.3488628651375,20289.7109375,20233.9453125,11773.942576,0,0,True,6
lsp-standard,4,1,2,repair,78.226318,104.30557,38.3488628651375,20289.7109375,20233.9453125,11721.29347,0,0,True,6
lsp-standard,4,1,3,repair,80.566128,104.30557,38.3488628651375,20289.7109375,20233.9453125,11703.1829,0,0,True,6
lsp-standard,4,1,4,repair,46.636844,104.30557,38.3488628651375,20289.7109375,20233.9453125,11563.952468,0,0,True,6
lsp-standard,4,2,1,valid,18.11738,50.930535,78.53834639671466,20293.73046875,20233.9453125,11773.942576,0,0,True,7
lsp-standard,4,2,2,valid,33.55084,50.930535,78.53834639671466,20293.73046875,20233.9453125,11721.29347,0,0,True,7
lsp-standard,4,2,3,valid,34.505904,50.930535,78.53834639671466,20293.73046875,20233.9453125,11703.1829,0,0,True,7
lsp-standard,4,2,4,valid,33.63034,50.930535,78.53834639671466,20293.73046875,20233.9453125,11563.952468,0,0,True,7
lsp-standard,4,2,1,error,41.50046,61.259321,65.29618570209095,20296.49609375,20233.9453125,11773.942576,1,1,True,8
lsp-standard,4,2,2,error,53.2929,61.259321,65.29618570209095,20296.49609375,20233.9453125,11721.29347,1,1,True,8
lsp-standard,4,2,3,error,44.215629,61.259321,65.29618570209095,20296.49609375,20233.9453125,11703.1829,1,1,True,8
lsp-standard,4,2,4,error,51.373002,61.259321,65.29618570209095,20296.49609375,20233.9453125,11563.952468,1,1,True,8
lsp-standard,4,2,1,repair,50.989497,60.821153,65.76659275104501,20302.71875,20233.9453125,11773.942576,0,0,True,9
lsp-standard,4,2,2,repair,57.446958,60.821153,65.76659275104501,20302.71875,20233.9453125,11721.29347,0,0,True,9
lsp-standard,4,2,3,repair,43.573647,60.821153,65.76659275104501,20302.71875,20233.9453125,11703.1829,0,0,True,9
lsp-standard,4,2,4,repair,48.299555,60.821153,65.76659275104501,20302.71875,20233.9453125,11563.952468,0,0,True,9
lsp-standard,4,3,1,valid,20.758811,50.729907,78.8489519604284,20304.6875,20233.9453125,11773.942576,0,0,True,10
lsp-standard,4,3,2,valid,24.43178,50.729907,78.8489519604284,20304.6875,20233.9453125,11721.29347,0,0,True,10
lsp-standard,4,3,3,valid,27.141009,50.729907,78.8489519604284,20304.6875,20233.9453125,11703.1829,0,0,True,10
lsp-standard,4,3,4,valid,24.861482,50.729907,78.8489519604284,20304.6875,20233.9453125,11563.952468,0,0,True,10
lsp-standard,4,3,1,error,42.00905,102.293769,39.10306599417605,20308.7421875,20233.9453125,11773.942576,1,1,True,11
lsp-standard,4,3,2,error,51.436031,102.293769,39.10306599417605,20308.7421875,20233.9453125,11721.29347,1,1,True,11
lsp-standard,4,3,3,error,64.159791,102.293769,39.10306599417605,20308.7421875,20233.9453125,11703.1829,1,1,True,11
lsp-standard,4,3,4,error,88.53247,102.293769,39.10306599417605,20308.7421875,20233.9453125,11563.952468,1,1,True,11
lsp-standard,4,3,1,repair,38.39396,103.834541,38.52282642632378,20315.2578125,20233.9453125,11773.942576,0,0,True,12
lsp-standard,4,3,2,repair,43.348521,103.834541,38.52282642632378,20315.2578125,20233.9453125,11721.29347,0,0,True,12
lsp-standard,4,3,3,repair,56.95596,103.834541,38.52282642632378,20315.2578125,20233.9453125,11703.1829,0,0,True,12
lsp-standard,4,3,4,repair,59.394417,103.834541,38.52282642632378,20315.2578125,20233.9453125,11563.952468,0,0,True,12
lsp-standard,4,4,1,valid,18.028181,50.30287,79.51832569394152,20317.234375,20233.9453125,11773.942576,0,0,True,13
lsp-standard,4,4,2,valid,19.991701,50.30287,79.51832569394152,20317.234375,20233.9453125,11721.29347,0,0,True,13
lsp-standard,4,4,3,valid,24.004142,50.30287,79.51832569394152,20317.234375,20233.9453125,11703.1829,0,0,True,13
lsp-standard,4,4,4,valid,21.532072,50.30287,79.51832569394152,20317.234375,20233.9453125,11563.952468,0,0,True,13
lsp-standard,4,4,1,error,55.390051,125.05332,31.986355900027284,20328.37109375,20233.9453125,11773.942576,1,1,True,14
lsp-standard,4,4,2,error,84.021647,125.05332,31.986355900027284,20328.37109375,20233.9453125,11721.29347,1,1,True,14
lsp-standard,4,4,3,error,64.544087,125.05332,31.986355900027284,20328.37109375,20233.9453125,11703.1829,1,1,True,14
lsp-standard,4,4,4,error,45.574997,125.05332,31.986355900027284,20328.37109375,20233.9453125,11563.952468,1,1,True,14
lsp-standard,4,4,1,repair,38.64305,101.60021,39.369997365162924,20323.19140625,20233.9453125,11773.942576,0,0,True,15
lsp-standard,4,4,2,repair,60.104719,101.60021,39.369997365162924,20323.19140625,20233.9453125,11721.29347,0,0,True,15
lsp-standard,4,4,3,repair,63.283606,101.60021,39.369997365162924,20323.19140625,20233.9453125,11703.1829,0,0,True,15
lsp-standard,4,4,4,repair,47.837192,101.60021,39.369997365162924,20323.19140625,20233.9453125,11563.952468,0,0,True,15
lsp-custom,4,0,1,valid,24.892381,50.846909,78.66751546293601,20253.77734375,20243.5703125,11856.472378,0,0,True,1
lsp-custom,4,0,2,valid,24.79642,50.846909,78.66751546293601,20253.77734375,20243.5703125,11650.393037,0,0,True,1
lsp-custom,4,0,3,valid,31.589083,50.846909,78.66751546293601,20253.77734375,20243.5703125,11704.836664999999,0,0,True,1
lsp-custom,4,0,4,valid,25.436809,50.846909,78.66751546293601,20253.77734375,20243.5703125,11671.685455,0,0,True,1
lsp-custom,4,0,1,error,46.730921,61.838315,64.68481555488697,20255.9453125,20243.5703125,11856.472378,1,1,True,2
lsp-custom,4,0,2,error,57.676221,61.838315,64.68481555488697,20255.9453125,20243.5703125,11650.393037,1,1,True,2
lsp-custom,4,0,3,error,53.743291,61.838315,64.68481555488697,20255.9453125,20243.5703125,11704.836664999999,1,1,True,2
lsp-custom,4,0,4,error,45.482363,61.838315,64.68481555488697,20255.9453125,20243.5703125,11671.685455,1,1,True,2
lsp-custom,4,0,1,repair,38.352772,61.378516,65.16938272016873,20258.71875,20243.5703125,11856.472378,0,0,True,3
lsp-custom,4,0,2,repair,46.683372,61.378516,65.16938272016873,20258.71875,20243.5703125,11650.393037,0,0,True,3
lsp-custom,4,0,3,repair,45.066336,61.378516,65.16938272016873,20258.71875,20243.5703125,11704.836664999999,0,0,True,3
lsp-custom,4,0,4,repair,45.093388,61.378516,65.16938272016873,20258.71875,20243.5703125,11671.685455,0,0,True,3
lsp-custom,4,1,1,valid,20.295365,49.756438,80.39160681076085,20264.890625,20243.5703125,11856.472378,0,0,True,4
lsp-custom,4,1,2,valid,19.574944,49.756438,80.39160681076085,20264.890625,20243.5703125,11650.393037,0,0,True,4
lsp-custom,4,1,3,valid,33.373184,49.756438,80.39160681076085,20264.890625,20243.5703125,11704.836664999999,0,0,True,4
lsp-custom,4,1,4,valid,20.444116,49.756438,80.39160681076085,20264.890625,20243.5703125,11671.685455,0,0,True,4
lsp-custom,4,1,1,error,38.011658,102.36787,39.07476046927615,20275.30859375,20243.5703125,11856.472378,1,1,True,5
lsp-custom,4,1,2,error,43.1099,102.36787,39.07476046927615,20275.30859375,20243.5703125,11650.393037,1,1,True,5
lsp-custom,4,1,3,error,55.971581,102.36787,39.07476046927615,20275.30859375,20243.5703125,11704.836664999999,1,1,True,5
lsp-custom,4,1,4,error,43.571763,102.36787,39.07476046927615,20275.30859375,20243.5703125,11671.685455,1,1,True,5
lsp-custom,4,1,1,repair,44.556273,107.178499,37.320918256188676,20284.0390625,20243.5703125,11856.472378,0,0,True,6
lsp-custom,4,1,2,repair,43.259102,107.178499,37.320918256188676,20284.0390625,20243.5703125,11650.393037,0,0,True,6
lsp-custom,4,1,3,repair,59.619603,107.178499,37.320918256188676,20284.0390625,20243.5703125,11704.836664999999,0,0,True,6
lsp-custom,4,1,4,repair,56.357961,107.178499,37.320918256188676,20284.0390625,20243.5703125,11671.685455,0,0,True,6
lsp-custom,4,2,1,valid,22.122147,54.296576,73.66947042848521,20288.265625,20243.5703125,11856.472378,0,0,True,7
lsp-custom,4,2,2,valid,24.981649,54.296576,73.66947042848521,20288.265625,20243.5703125,11650.393037,0,0,True,7
lsp-custom,4,2,3,valid,22.866513,54.296576,73.66947042848521,20288.265625,20243.5703125,11704.836664999999,0,0,True,7
lsp-custom,4,2,4,valid,21.369815,54.296576,73.66947042848521,20288.265625,20243.5703125,11671.685455,0,0,True,7
lsp-custom,4,2,1,error,45.138163,106.1418,37.68543589801567,20287.91015625,20243.5703125,11856.472378,1,1,True,8
lsp-custom,4,2,2,error,43.836572,106.1418,37.68543589801567,20287.91015625,20243.5703125,11650.393037,1,1,True,8
lsp-custom,4,2,3,error,47.215897,106.1418,37.68543589801567,20287.91015625,20243.5703125,11704.836664999999,1,1,True,8
lsp-custom,4,2,4,error,65.442374,106.1418,37.68543589801567,20287.91015625,20243.5703125,11671.685455,1,1,True,8
lsp-custom,4,2,1,repair,55.391164,106.923968,37.40976017650224,20298.7421875,20243.5703125,11856.472378,0,0,True,9
lsp-custom,4,2,2,repair,41.90364,106.923968,37.40976017650224,20298.7421875,20243.5703125,11650.393037,0,0,True,9
lsp-custom,4,2,3,repair,50.861455,106.923968,37.40976017650224,20298.7421875,20243.5703125,11704.836664999999,0,0,True,9
lsp-custom,4,2,4,repair,51.497508,106.923968,37.40976017650224,20298.7421875,20243.5703125,11671.685455,0,0,True,9
lsp-custom,4,3,1,valid,16.810601,53.174545,75.22396289427581,20299.2109375,20243.5703125,11856.472378,0,0,True,10
lsp-custom,4,3,2,valid,21.368943,53.174545,75.22396289427581,20299.2109375,20243.5703125,11650.393037,0,0,True,10
lsp-custom,4,3,3,valid,26.578487,53.174545,75.22396289427581,20299.2109375,20243.5703125,11704.836664999999,0,0,True,10
lsp-custom,4,3,4,valid,49.847049,53.174545,75.22396289427581,20299.2109375,20243.5703125,11671.685455,0,0,True,10
lsp-custom,4,3,1,error,43.699544,102.491764,39.02752615322339,20305.10546875,20243.5703125,11856.472378,1,1,True,11
lsp-custom,4,3,2,error,51.655035,102.491764,39.02752615322339,20305.10546875,20243.5703125,11650.393037,1,1,True,11
lsp-custom,4,3,3,error,54.594679,102.491764,39.02752615322339,20305.10546875,20243.5703125,11704.836664999999,1,1,True,11
lsp-custom,4,3,4,error,54.455255,102.491764,39.02752615322339,20305.10546875,20243.5703125,11671.685455,1,1,True,11
lsp-custom,4,3,1,repair,81.563714,101.522432,39.4001593657646,20316.29296875,20243.5703125,11856.472378,0,0,True,12
lsp-custom,4,3,2,repair,52.789578,101.522432,39.4001593657646,20316.29296875,20243.5703125,11650.393037,0,0,True,12
lsp-custom,4,3,3,repair,88.579438,101.522432,39.4001593657646,20316.29296875,20243.5703125,11704.836664999999,0,0,True,12
lsp-custom,4,3,4,repair,48.356523,101.522432,39.4001593657646,20316.29296875,20243.5703125,11671.685455,0,0,True,12
lsp-custom,4,4,1,valid,19.797164,52.766074,75.80628416660295,20313.4453125,20243.5703125,11856.472378,0,0,True,13
lsp-custom,4,4,2,valid,30.383025,52.766074,75.80628416660295,20313.4453125,20243.5703125,11650.393037,0,0,True,13
lsp-custom,4,4,3,valid,20.910919,52.766074,75.80628416660295,20313.4453125,20243.5703125,11704.836664999999,0,0,True,13
lsp-custom,4,4,4,valid,28.509695,52.766074,75.80628416660295,20313.4453125,20243.5703125,11671.685455,0,0,True,13
lsp-custom,4,4,1,error,45.839157,105.597131,37.879817018892304,20323.98046875,20243.5703125,11856.472378,1,1,True,14
lsp-custom,4,4,2,error,45.199518,105.597131,37.879817018892304,20323.98046875,20243.5703125,11650.393037,1,1,True,14
lsp-custom,4,4,3,error,50.682337,105.597131,37.879817018892304,20323.98046875,20243.5703125,11704.836664999999,1,1,True,14
lsp-custom,4,4,4,error,62.804721,105.597131,37.879817018892304,20323.98046875,20243.5703125,11671.685455,1,1,True,14
lsp-custom,4,4,1,repair,37.613154,53.576175,74.66005178607843,20331.33203125,20243.5703125,11856.472378,0,0,True,15
lsp-custom,4,4,2,repair,43.242771,53.576175,74.66005178607843,20331.33203125,20243.5703125,11650.393037,0,0,True,15
lsp-custom,4,4,3,repair,44.897808,53.576175,74.66005178607843,20331.33203125,20243.5703125,11704.836664999999,0,0,True,15
lsp-custom,4,4,4,repair,45.621485,53.576175,74.66005178607843,20331.33203125,20243.5703125,11671.685455,0,0,True,15
