strategy,repetition,visit,round,worker,state,cold_file,completion_ms,peak_rss_mib,resident_rss_mib,errors,expected_errors,correct
cli-snapshot,0,1,1,1,valid,True,14257.703469,4110.6953125,0.0,0,0,True
cli-snapshot,0,2,1,2,valid,True,14466.26341,4074.671875,0.0,0,0,True
cli-snapshot,0,3,1,3,valid,True,14558.107252999998,4116.1484375,0.0,0,0,True
cli-snapshot,0,4,1,4,valid,True,14572.428385,4077.31640625,0.0,0,0,True
cli-snapshot,0,5,2,1,error,False,7936.000584,3893.46875,0.0,1,1,True
cli-snapshot,0,6,2,2,error,False,8426.568708,3856.0703125,0.0,1,1,True
cli-snapshot,0,7,2,3,error,False,8432.016843,3892.18359375,0.0,1,1,True
cli-snapshot,0,8,2,4,error,False,7937.602314,3904.4453125,0.0,1,1,True
cli-snapshot,0,9,3,1,repair,False,8021.213899,3829.92578125,0.0,0,0,True
cli-snapshot,0,10,3,2,repair,False,8439.844791,3870.64453125,0.0,0,0,True
cli-snapshot,0,11,3,3,repair,False,7903.351711,3880.37890625,0.0,0,0,True
cli-snapshot,0,12,3,4,repair,False,8434.506619,3867.23828125,0.0,0,0,True
lake-build,0,1,1,1,valid,True,6903.942308,3905.41796875,0.0,0,0,True
lake-build,0,2,1,2,valid,True,6934.577949,3914.5390625,0.0,0,0,True
lake-build,0,3,1,3,valid,True,6808.103002,3907.72265625,0.0,0,0,True
lake-build,0,4,1,4,valid,True,6607.665583,3902.7890625,0.0,0,0,True
lake-build,0,5,2,1,error,False,6835.257925,3912.296875,0.0,1,1,True
lake-build,0,6,2,2,error,False,6736.722378,3914.26953125,0.0,1,1,True
lake-build,0,7,2,3,error,False,6809.33195,3908.82421875,0.0,1,1,True
lake-build,0,8,2,4,error,False,6757.588416,3881.47265625,0.0,1,1,True
lake-build,0,9,3,1,repair,False,6752.314352,3932.51171875,0.0,0,0,True
lake-build,0,10,3,2,repair,False,6956.821988,3902.62890625,0.0,0,0,True
lake-build,0,11,3,3,repair,False,6961.68483,3918.80078125,0.0,0,0,True
lake-build,0,12,3,4,repair,False,6830.738165,3916.265625,0.0,0,0,True
lsp-close-on-switch,0,1,1,1,valid,True,6709.681789,4522.4296875,4526.41796875,0,0,True
lsp-close-on-switch,0,2,1,2,valid,True,6904.171849,4996.8671875,5000.8671875,0,0,True
lsp-close-on-switch,0,3,1,3,valid,True,6536.843184,5234.43359375,5234.69140625,0,0,True
lsp-close-on-switch,0,4,1,4,valid,True,6923.101316,5226.64453125,5226.64453125,0,0,True
lsp-close-on-switch,0,5,2,1,error,True,6838.189528,5227.93359375,5227.921875,1,1,True
lsp-close-on-switch,0,6,2,2,error,True,6839.243793,5226.28125,5226.28125,1,1,True
lsp-close-on-switch,0,7,2,3,error,True,6903.38874,5226.52734375,5226.51953125,1,1,True
lsp-close-on-switch,0,8,2,4,error,True,6972.169871,5230.5,5224.3125,1,1,True
lsp-close-on-switch,0,9,3,1,repair,True,6918.66972,5230.24609375,5230.23828125,0,0,True
lsp-close-on-switch,0,10,3,2,repair,True,6993.406359,5228.63671875,5228.62890625,0,0,True
lsp-close-on-switch,0,11,3,3,repair,True,6987.731055,5228.77734375,5228.77734375,0,0,True
lsp-close-on-switch,0,12,3,4,repair,True,7034.372148,5231.0390625,5222.8515625,0,0,True
lsp-keep-open,0,1,1,1,valid,True,6944.454488,4540.453125,4542.453125,0,0,True
lsp-keep-open,0,2,1,2,valid,True,6802.035658,8221.33203125,8225.33203125,0,0,True
lsp-keep-open,0,3,1,3,valid,True,6839.000047,11635.93359375,11635.94921875,0,0,True
lsp-keep-open,0,4,1,4,valid,True,6869.491237,14818.5078125,14818.51953125,0,0,True
lsp-keep-open,0,5,2,1,error,False,36.285996,14821.15234375,14821.15234375,1,1,True
lsp-keep-open,0,6,2,2,error,False,51.556401,14818.87890625,14818.99609375,1,1,True
lsp-keep-open,0,7,2,3,error,False,44.743901,14823.62109375,14823.71875,1,1,True
lsp-keep-open,0,8,2,4,error,False,42.71396,14824.265625,14824.30859375,1,1,True
lsp-keep-open,0,9,3,1,repair,False,36.275236,14824.53125,14824.59765625,0,0,True
lsp-keep-open,0,10,3,2,repair,False,40.42545,14826.85546875,14826.859375,0,0,True
lsp-keep-open,0,11,3,3,repair,False,52.510834,14826.99609375,14826.9921875,0,0,True
lsp-keep-open,0,12,3,4,repair,False,41.043005,14827.125,14827.15625,0,0,True
lean-cached-setup,0,1,1,1,valid,True,6541.982677,2910.18359375,0.0,0,0,True
lean-cached-setup,0,2,1,2,valid,True,6516.0020700000005,2912.2421875,0.0,0,0,True
lean-cached-setup,0,3,1,3,valid,True,6482.144827,2914.31640625,0.0,0,0,True
lean-cached-setup,0,4,1,4,valid,True,6697.4847119999995,2910.21484375,0.0,0,0,True
lean-cached-setup,0,5,2,1,error,False,2267.242641,2910.28125,0.0,1,1,True
lean-cached-setup,0,6,2,2,error,False,2268.311246,2914.39453125,0.0,1,1,True
lean-cached-setup,0,7,2,3,error,False,2277.926384,2912.28515625,0.0,1,1,True
lean-cached-setup,0,8,2,4,error,False,2302.395094,2914.33984375,0.0,1,1,True
lean-cached-setup,0,9,3,1,repair,False,2278.340139,2910.3046875,0.0,0,0,True
lean-cached-setup,0,10,3,2,repair,False,2290.629387,2911.03515625,0.0,0,0,True
lean-cached-setup,0,11,3,3,repair,False,2329.038545,2912.3515625,0.0,0,0,True
lean-cached-setup,0,12,3,4,repair,False,2295.599594,2914.34375,0.0,0,0,True
lean-setup-each,0,1,1,1,valid,True,6568.626596,2910.21484375,0.0,0,0,True
lean-setup-each,0,2,1,2,valid,True,6534.291968,2914.96875,0.0,0,0,True
lean-setup-each,0,3,1,3,valid,True,6531.877549,2912.43359375,0.0,0,0,True
lean-setup-each,0,4,1,4,valid,True,6463.446019999999,2914.37890625,0.0,0,0,True
lean-setup-each,0,5,2,1,error,True,6576.325871000001,2910.31640625,0.0,1,1,True
lean-setup-each,0,6,2,2,error,True,6557.846398000001,2910.125,0.0,1,1,True
lean-setup-each,0,7,2,3,error,True,6569.155916,2910.28515625,0.0,1,1,True
lean-setup-each,0,8,2,4,error,True,6500.003975,2911.0234375,0.0,1,1,True
lean-setup-each,0,9,3,1,repair,True,6531.493640000001,2910.18359375,0.0,0,0,True
lean-setup-each,0,10,3,2,repair,True,6637.174546,2912.3359375,0.0,0,0,True
lean-setup-each,0,11,3,3,repair,True,6551.6051210000005,2910.15234375,0.0,0,0,True
lean-setup-each,0,12,3,4,repair,True,6579.90312,2912.74609375,0.0,0,0,True
lsp-close-on-switch,1,1,1,1,valid,True,6815.614265,4527.66796875,4533.66796875,0,0,True
lsp-close-on-switch,1,2,1,2,valid,True,6882.69567,5026.4921875,5034.4921875,0,0,True
lsp-close-on-switch,1,3,1,3,valid,True,6854.185099,5233.09765625,5233.10546875,0,0,True
lsp-close-on-switch,1,4,1,4,valid,True,6785.172716,5225.68359375,5225.68359375,0,0,True
lsp-close-on-switch,1,5,2,1,error,True,6881.725298,5224.98828125,5226.98828125,1,1,True
lsp-close-on-switch,1,6,2,2,error,True,6878.488605,5227.0859375,5227.0859375,1,1,True
lsp-close-on-switch,1,7,2,3,error,True,7026.386104,5229.17578125,5231.17578125,1,1,True
lsp-close-on-switch,1,8,2,4,error,True,6963.179911,5224.9921875,5224.9921875,1,1,True
lsp-close-on-switch,1,9,3,1,repair,True,6879.702114,5228.82421875,5228.81640625,0,0,True
lsp-close-on-switch,1,10,3,2,repair,True,7028.261006,5227.28125,5227.26953125,0,0,True
lsp-close-on-switch,1,11,3,3,repair,True,7044.474176,5227.3828125,5227.3828125,0,0,True
lsp-close-on-switch,1,12,3,4,repair,True,6983.455203,5226.8515625,5226.8515625,0,0,True
cli-snapshot,1,1,1,1,valid,True,14538.301394999999,4110.5546875,0.0,0,0,True
cli-snapshot,1,2,1,2,valid,True,14590.162896999998,4065.16015625,0.0,0,0,True
cli-snapshot,1,3,1,3,valid,True,14602.05124,4093.37890625,0.0,0,0,True
cli-snapshot,1,4,1,4,valid,True,14526.390193000001,4112.03125,0.0,0,0,True
cli-snapshot,1,5,2,1,error,False,8450.917747,3898.63671875,0.0,1,1,True
cli-snapshot,1,6,2,2,error,False,8391.820884,3904.0078125,0.0,1,1,True
cli-snapshot,1,7,2,3,error,False,7952.401177,3902.0390625,0.0,1,1,True
cli-snapshot,1,8,2,4,error,False,8421.504987,3909.3671875,0.0,1,1,True
cli-snapshot,1,9,3,1,repair,False,8413.98911,3867.5703125,0.0,0,0,True
cli-snapshot,1,10,3,2,repair,False,8435.45126,3865.10546875,0.0,0,0,True
cli-snapshot,1,11,3,3,repair,False,7874.823231,3849.078125,0.0,0,0,True
cli-snapshot,1,12,3,4,repair,False,8418.643133,3872.609375,0.0,0,0,True
lean-cached-setup,1,1,1,1,valid,True,6662.175012,2910.23828125,0.0,0,0,True
lean-cached-setup,1,2,1,2,valid,True,6545.600291000001,2912.94921875,0.0,0,0,True
lean-cached-setup,1,3,1,3,valid,True,6463.948596,2908.375,0.0,0,0,True
lean-cached-setup,1,4,1,4,valid,True,6566.762017,2910.2421875,0.0,0,0,True
lean-cached-setup,1,5,2,1,error,False,2310.337225,2910.9375,0.0,1,1,True
lean-cached-setup,1,6,2,2,error,False,2265.254725,2912.30078125,0.0,1,1,True
lean-cached-setup,1,7,2,3,error,False,2267.555899,2912.21484375,0.0,1,1,True
lean-cached-setup,1,8,2,4,error,False,2298.689129,2910.171875,0.0,1,1,True
lean-cached-setup,1,9,3,1,repair,False,2305.405954,2910.87109375,0.0,0,0,True
lean-cached-setup,1,10,3,2,repair,False,2286.081654,2912.24609375,0.0,0,0,True
lean-cached-setup,1,11,3,3,repair,False,2340.197011,2915.10546875,0.0,0,0,True
lean-cached-setup,1,12,3,4,repair,False,2273.370221,2910.875,0.0,0,0,True
lsp-keep-open,1,1,1,1,valid,True,7015.80726,4547.89453125,4553.89453125,0,0,True
lsp-keep-open,1,2,1,2,valid,True,6678.483566,8208.22265625,8216.22265625,0,0,True
lsp-keep-open,1,3,1,3,valid,True,6910.671274,11637.74609375,11640.87890625,0,0,True
lsp-keep-open,1,4,1,4,valid,True,6971.089961,14825.93359375,14825.94140625,0,0,True
lsp-keep-open,1,5,2,1,error,False,39.070856,14828.54296875,14823.61328125,1,1,True
lsp-keep-open,1,6,2,2,error,False,45.290093,14824.25390625,14824.32421875,1,1,True
lsp-keep-open,1,7,2,3,error,False,44.479312,14825.0625,14825.13671875,1,1,True
lsp-keep-open,1,8,2,4,error,False,43.373344,14827.734375,14827.76171875,1,1,True
lsp-keep-open,1,9,3,1,repair,False,36.361399,14827.93359375,14827.94921875,0,0,True
lsp-keep-open,1,10,3,2,repair,False,41.880223,14830.11328125,14830.11328125,0,0,True
lsp-keep-open,1,11,3,3,repair,False,43.844393,14832.30078125,14832.296875,0,0,True
lsp-keep-open,1,12,3,4,repair,False,42.774402,14832.37109375,14832.4140625,0,0,True
lake-build,1,1,1,1,valid,True,6819.766604,3904.43359375,0.0,0,0,True
lake-build,1,2,1,2,valid,True,6866.332671,3923.63671875,0.0,0,0,True
lake-build,1,3,1,3,valid,True,6929.073081,3924.109375,0.0,0,0,True
lake-build,1,4,1,4,valid,True,6828.868923,3930.30859375,0.0,0,0,True
lake-build,1,5,2,1,error,False,6822.11784,3907.7421875,0.0,1,1,True
lake-build,1,6,2,2,error,False,6739.990311,3899.046875,0.0,1,1,True
lake-build,1,7,2,3,error,False,6919.640556,3923.0390625,0.0,1,1,True
lake-build,1,8,2,4,error,False,7080.221714,3938.73046875,0.0,1,1,True
lake-build,1,9,3,1,repair,False,6855.788545,3904.94140625,0.0,0,0,True
lake-build,1,10,3,2,repair,False,6623.144128,3904.98046875,0.0,0,0,True
lake-build,1,11,3,3,repair,False,6711.193258,3899.15234375,0.0,0,0,True
lake-build,1,12,3,4,repair,False,6843.117024,3899.86328125,0.0,0,0,True
lean-setup-each,1,1,1,1,valid,True,6668.090780999999,2910.25,0.0,0,0,True
lean-setup-each,1,2,1,2,valid,True,6658.30636,2910.1875,0.0,0,0,True
lean-setup-each,1,3,1,3,valid,True,6655.5606210000005,2910.453125,0.0,0,0,True
lean-setup-each,1,4,1,4,valid,True,6631.74303,2914.421875,0.0,0,0,True
lean-setup-each,1,5,2,1,error,True,6563.59626,2910.79296875,0.0,1,1,True
lean-setup-each,1,6,2,2,error,True,6571.173413,2910.1953125,0.0,1,1,True
lean-setup-each,1,7,2,3,error,True,6548.614162,2914.43359375,0.0,1,1,True
lean-setup-each,1,8,2,4,error,True,6646.26207,2910.5703125,0.0,1,1,True
lean-setup-each,1,9,3,1,repair,True,6570.965020000001,2912.8984375,0.0,0,0,True
lean-setup-each,1,10,3,2,repair,True,7116.212147,2914.25,0.0,0,0,True
lean-setup-each,1,11,3,3,repair,True,6558.075441999999,2910.1796875,0.0,0,0,True
lean-setup-each,1,12,3,4,repair,True,6874.4708,2914.36328125,0.0,0,0,True
lean-cached-setup,2,1,1,1,valid,True,6522.409619,2910.91015625,0.0,0,0,True
lean-cached-setup,2,2,1,2,valid,True,6571.015137,2914.359375,0.0,0,0,True
lean-cached-setup,2,3,1,3,valid,True,6634.1953969999995,2910.27734375,0.0,0,0,True
lean-cached-setup,2,4,1,4,valid,True,6647.971351,2914.41015625,0.0,0,0,True
lean-cached-setup,2,5,2,1,error,False,2251.203662,2910.2734375,0.0,1,1,True
lean-cached-setup,2,6,2,2,error,False,2235.548854,2914.3046875,0.0,1,1,True
lean-cached-setup,2,7,2,3,error,False,2291.271943,2912.37109375,0.0,1,1,True
lean-cached-setup,2,8,2,4,error,False,2244.516364,2914.33203125,0.0,1,1,True
lean-cached-setup,2,9,3,1,repair,False,2274.433313,2912.453125,0.0,0,0,True
lean-cached-setup,2,10,3,2,repair,False,2287.964238,2912.22265625,0.0,0,0,True
lean-cached-setup,2,11,3,3,repair,False,2260.993253,2911.07421875,0.0,0,0,True
lean-cached-setup,2,12,3,4,repair,False,2309.090205,2910.13671875,0.0,0,0,True
cli-snapshot,2,1,1,1,valid,True,14565.658223,4131.37109375,0.0,0,0,True
cli-snapshot,2,2,1,2,valid,True,14464.281198,4095.890625,0.0,0,0,True
cli-snapshot,2,3,1,3,valid,True,14533.417645999998,4086.62109375,0.0,0,0,True
cli-snapshot,2,4,1,4,valid,True,14643.851263999999,4074.62890625,0.0,0,0,True
cli-snapshot,2,5,2,1,error,False,8409.763475,3892.1953125,0.0,1,1,True
cli-snapshot,2,6,2,2,error,False,7906.624293,3862.73046875,0.0,1,1,True
cli-snapshot,2,7,2,3,error,False,8366.374922,3893.15234375,0.0,1,1,True
cli-snapshot,2,8,2,4,error,False,7830.838538,3863.71875,0.0,1,1,True
cli-snapshot,2,9,3,1,repair,False,7887.399294,3905.48046875,0.0,0,0,True
cli-snapshot,2,10,3,2,repair,False,7813.567058,3832.25390625,0.0,0,0,True
cli-snapshot,2,11,3,3,repair,False,8489.583905,3874.109375,0.0,0,0,True
cli-snapshot,2,12,3,4,repair,False,8565.562499,3908.55859375,0.0,0,0,True
lsp-keep-open,2,1,1,1,valid,True,6359.842311,4488.328125,4490.328125,0,0,True
lsp-keep-open,2,2,1,2,valid,True,6242.260054,8120.78125,8122.77734375,0,0,True
lsp-keep-open,2,3,1,3,valid,True,6741.124115,11636.99609375,11636.98828125,0,0,True
lsp-keep-open,2,4,1,4,valid,True,6760.288059,14818.59765625,14820.59765625,0,0,True
lsp-keep-open,2,5,2,1,error,False,35.447307,14823.1484375,14823.1484375,1,1,True
lsp-keep-open,2,6,2,2,error,False,44.194902,14825.73046875,14825.71484375,1,1,True
lsp-keep-open,2,7,2,3,error,False,42.115194,14820.84765625,14820.90234375,1,1,True
lsp-keep-open,2,8,2,4,error,False,42.560856,14821.5703125,14821.6875,1,1,True
lsp-keep-open,2,9,3,1,repair,False,38.039674,14821.80078125,14821.83203125,0,0,True
lsp-keep-open,2,10,3,2,repair,False,42.01268,14821.86328125,14821.8671875,0,0,True
lsp-keep-open,2,11,3,3,repair,False,57.56952,14822.1171875,14822.140625,0,0,True
lsp-keep-open,2,12,3,4,repair,False,43.46315,14822.43359375,14822.484375,0,0,True
lsp-close-on-switch,2,1,1,1,valid,True,6901.290677,4538.2578125,4542.26171875,0,0,True
lsp-close-on-switch,2,2,1,2,valid,True,6891.051541,5021.15234375,5029.15234375,0,0,True
lsp-close-on-switch,2,3,1,3,valid,True,6848.79647,5235.4140625,5235.44140625,0,0,True
lsp-close-on-switch,2,4,1,4,valid,True,6790.502218,5228.75,5228.75,0,0,True
lsp-close-on-switch,2,5,2,1,error,True,6597.269795,5226.2421875,5226.2265625,1,1,True
lsp-close-on-switch,2,6,2,2,error,True,6935.795381,5224.59765625,5224.58203125,1,1,True
lsp-close-on-switch,2,7,2,3,error,True,6827.201239,5227.828125,5227.828125,1,1,True
lsp-close-on-switch,2,8,2,4,error,True,6994.281388,5226.07421875,5228.06640625,1,1,True
lsp-close-on-switch,2,9,3,1,repair,True,6879.314445,5230.15234375,5230.15234375,0,0,True
lsp-close-on-switch,2,10,3,2,repair,True,6910.339224,5228.08203125,5230.08203125,0,0,True
lsp-close-on-switch,2,11,3,3,repair,True,6795.250239,5224.0625,5224.0625,0,0,True
lsp-close-on-switch,2,12,3,4,repair,True,6826.995978,5224.40234375,5224.3984375,0,0,True
lake-build,2,1,1,1,valid,True,6850.018933,3921.37109375,0.0,0,0,True
lake-build,2,2,1,2,valid,True,6731.04898,3903.53125,0.0,0,0,True
lake-build,2,3,1,3,valid,True,6850.086908,3913.36328125,0.0,0,0,True
lake-build,2,4,1,4,valid,True,6785.463228,3890.02734375,0.0,0,0,True
lake-build,2,5,2,1,error,False,6613.717174,3883.07421875,0.0,1,1,True
lake-build,2,6,2,2,error,False,6812.318437,3916.55859375,0.0,1,1,True
lake-build,2,7,2,3,error,False,6833.68789,3907.296875,0.0,1,1,True
lake-build,2,8,2,4,error,False,6816.018551,3927.484375,0.0,1,1,True
lake-build,2,9,3,1,repair,False,6834.97249,3916.40234375,0.0,0,0,True
lake-build,2,10,3,2,repair,False,6930.665903,3922.6875,0.0,0,0,True
lake-build,2,11,3,3,repair,False,6841.52461,3916.9296875,0.0,0,0,True
lake-build,2,12,3,4,repair,False,6845.152063,3927.91015625,0.0,0,0,True
lean-setup-each,2,1,1,1,valid,True,6541.804122,2910.234375,0.0,0,0,True
lean-setup-each,2,2,1,2,valid,True,6501.130275,2914.35546875,0.0,0,0,True
lean-setup-each,2,3,1,3,valid,True,6559.110382999999,2915.01171875,0.0,0,0,True
lean-setup-each,2,4,1,4,valid,True,6675.8693459999995,2912.26171875,0.0,0,0,True
lean-setup-each,2,5,2,1,error,True,6450.563891,2910.546875,0.0,1,1,True
lean-setup-each,2,6,2,2,error,True,6462.665048999999,2912.24609375,0.0,1,1,True
lean-setup-each,2,7,2,3,error,True,6565.122029,2910.26953125,0.0,1,1,True
lean-setup-each,2,8,2,4,error,True,6462.992891,2914.5078125,0.0,1,1,True
lean-setup-each,2,9,3,1,repair,True,6665.921594,2910.2734375,0.0,0,0,True
lean-setup-each,2,10,3,2,repair,True,6564.247816,2910.44140625,0.0,0,0,True
lean-setup-each,2,11,3,3,repair,True,6555.247106,2912.31640625,0.0,0,0,True
lean-setup-each,2,12,3,4,repair,True,6456.492652,2910.28125,0.0,0,0,True
